dataset	fold	drop_ungated_training	drop_ungated_test	gmm_parameterization	status	validation_status	process_returncode	runner_commit	output_archive_sha256
FR-FCM-Z238	1	false	false	E	passed	PASS	0	68f94fb5f57d2ce27a0d70f8912ff2e48994f925	f64d995044afa43d0624e7500b661a4749e00328a09c97d3bf6a1527fd184a73
FR-FCM-Z238	1	false	false	V	passed	PASS	0	68f94fb5f57d2ce27a0d70f8912ff2e48994f925	3bfd115cf537e69b92b4177de8dc749037aba381860adcc421049aa5b25795a2
FR-FCM-Z238	1	true	false	E	passed	PASS	0	68f94fb5f57d2ce27a0d70f8912ff2e48994f925	2797a96e98dbfe74b9b9448367964a1d74f5aed7d1ef0a27bdf6a90d2c428321
FR-FCM-Z238	1	true	false	V	passed	PASS	0	68f94fb5f57d2ce27a0d70f8912ff2e48994f925	7c0519d12d7599b69fa8d7a900e08e596a7c09da33c84eb6afd8991d0f787d33
FR-FCM-Z238	1	true	true	E	passed	PASS	0	68f94fb5f57d2ce27a0d70f8912ff2e48994f925	503d6f799483acc06aec78eb15b104bb228a38ca80127e368603a27c3c6debe5
FR-FCM-Z238	1	true	true	V	passed	PASS	0	68f94fb5f57d2ce27a0d70f8912ff2e48994f925	bdc1d6e91178a229cec6f73f3fb8925433618b84d6adf26d328bff4814f5950b
FR-FCM-Z238	2	false	false	E	passed	PASS	0	68f94fb5f57d2ce27a0d70f8912ff2e48994f925	53319518767cfc1bc3f13286b5ce0d719204368a5b838bef9f3082cf3bcf7f0b
FR-FCM-Z238	2	false	false	V	passed	PASS	0	68f94fb5f57d2ce27a0d70f8912ff2e48994f925	427904004942e26a2600ab3b9d9604a4ac9454a853be9f1a253c3142272ece60
FR-FCM-Z238	2	true	false	E	passed	PASS	0	68f94fb5f57d2ce27a0d70f8912ff2e48994f925	5d32762b0b071d03603ab0c52baf467115e4e9e16ebbb836be153b5e85e16353
FR-FCM-Z238	2	true	false	V	passed	PASS	0	68f94fb5f57d2ce27a0d70f8912ff2e48994f925	021a94fd4cc0728e3a47f9c0ff92640eb03096507e85e96725ee901a5f24b607
FR-FCM-Z238	2	true	true	E	passed	PASS	0	68f94fb5f57d2ce27a0d70f8912ff2e48994f925	357d4e5f05f08cc3df154aaa6e846330699653205719ba85886b599114b23fd0
FR-FCM-Z238	2	true	true	V	passed	PASS	0	68f94fb5f57d2ce27a0d70f8912ff2e48994f925	13bc1136ca86ec43dfc3aa451be90e490889add7b3201e3aaf7e696a9e682c4c
FR-FCM-Z238	3	false	false	E	passed	PASS	0	68f94fb5f57d2ce27a0d70f8912ff2e48994f925	dca24c949f683123e1e314ef3427fcce36efe7c0c3358b18794c28f5be1f328e
FR-FCM-Z238	3	false	false	V	passed	PASS	0	68f94fb5f57d2ce27a0d70f8912ff2e48994f925	b4b99cad6c60ef11e848284508f12504e3b12e45e4ee5b2c174685328ad0761b
FR-FCM-Z238	3	true	false	E	passed	PASS	0	68f94fb5f57d2ce27a0d70f8912ff2e48994f925	e2dd17458d9d2b2477653a98f161077e53d7e2625ea20658bb53a658160d1940
FR-FCM-Z238	3	true	false	V	passed	PASS	0	68f94fb5f57d2ce27a0d70f8912ff2e48994f925	fb705c4c36c41e1f305bb63319e2de5c974d3aa65d0149cf1b534bde86bdc46b
FR-FCM-Z238	3	true	true	E	passed	PASS	0	68f94fb5f57d2ce27a0d70f8912ff2e48994f925	827ff395846618f2b6f72940a65dbc128f85cb928d6076351aeacb17173518a3
FR-FCM-Z238	3	true	true	V	passed	PASS	0	68f94fb5f57d2ce27a0d70f8912ff2e48994f925	5e2fad53a9660a58e23ff4259f4f38c4f8d39478e15cf01c9906290f6188577d
FR-FCM-Z238	4	false	false	E	passed	PASS	0	68f94fb5f57d2ce27a0d70f8912ff2e48994f925	06d898e3c1778bdff6279e146e60366e1adf499ef4640c39e2159084e3891bb0
FR-FCM-Z238	4	false	false	V	passed	PASS	0	68f94fb5f57d2ce27a0d70f8912ff2e48994f925	5e5d41af956d6598ca073dc06ecbe8cea2a7e3bdfd6ec18ba523a7f481042757
FR-FCM-Z238	4	true	false	E	passed	PASS	0	68f94fb5f57d2ce27a0d70f8912ff2e48994f925	af26f734f948624eacf330945a709557aa6e21418f0e3aa71234aa044ff43e64
FR-FCM-Z238	4	true	false	V	passed	PASS	0	68f94fb5f57d2ce27a0d70f8912ff2e48994f925	7284120dfd84cadda4ed0cbe99fab51363a24bd9dadb575d1a2d25382c324807
FR-FCM-Z238	4	true	true	E	passed	PASS	0	68f94fb5f57d2ce27a0d70f8912ff2e48994f925	8ab4c6f10f9ee0ec2c5555810e58fcfdf2b6daf912e9d419cc888c2b42d958ad
FR-FCM-Z238	4	true	true	V	passed	PASS	0	68f94fb5f57d2ce27a0d70f8912ff2e48994f925	a3588e16dfd27d6a1c91b486931a32d71a40c3682358fe27090df9fbffed4e22
FR-FCM-Z238	5	false	false	E	passed	PASS	0	68f94fb5f57d2ce27a0d70f8912ff2e48994f925	7eb97763c60818cbfd145d81cab67595b0f9da3d54ecf3c4e7c79d0c7a6d98af
FR-FCM-Z238	5	false	false	V	passed	PASS	0	68f94fb5f57d2ce27a0d70f8912ff2e48994f925	2c3a9038ae2dd5108d14d57ca83db10040506175dcca8f9fdd9d4b8e57c832ab
FR-FCM-Z238	5	true	false	E	passed	PASS	0	68f94fb5f57d2ce27a0d70f8912ff2e48994f925	0d9e2a105388d8fe0f8cee49984f573ee7bf9b05f06b896b3993f68c3852766c
FR-FCM-Z238	5	true	false	V	passed	PASS	0	68f94fb5f57d2ce27a0d70f8912ff2e48994f925	7cdf49fd6767e45449aa7ce428726cbbea34dd427510edda44b4bcc0703434a0
FR-FCM-Z238	5	true	true	E	passed	PASS	0	68f94fb5f57d2ce27a0d70f8912ff2e48994f925	706e4ac3087696a69fca33bf9c3152d82a033a3c7699e346bba3cc0a3eec037d
FR-FCM-Z238	5	true	true	V	passed	PASS	0	68f94fb5f57d2ce27a0d70f8912ff2e48994f925	1eba3b3a9919641ed86ea6dc1c291b04dae189d344e4352d64f5528646e69b30
FR-FCM-Z2KP-covid	1	false	false	E	passed	PASS	0	da3fcb906345c5bd5dff879c34c548d25a3df9f8	b13293db76ec252ea81dd2f93695990a3025229f992c555f501634c7e92b7b4f
FR-FCM-Z2KP-covid	1	false	false	V	passed	PASS	0	da3fcb906345c5bd5dff879c34c548d25a3df9f8	279c1e63a8b8e751213c735a3ca273ea02f21ced1cbb2f4c5e22a0a817ff87f8
FR-FCM-Z2KP-covid	1	true	false	E	passed	PASS	0	da3fcb906345c5bd5dff879c34c548d25a3df9f8	3eb4e97fd70421664906c596b0b3ec0c0d1e230aa02643a39452c10976387cf9
FR-FCM-Z2KP-covid	1	true	false	V	passed	PASS	0	da3fcb906345c5bd5dff879c34c548d25a3df9f8	2df18189431a20d49fa10cbb035d2eb9e78527a869bdefc90962a493c978afb1
FR-FCM-Z2KP-covid	1	true	true	E	passed	PASS	0	da3fcb906345c5bd5dff879c34c548d25a3df9f8	1ee21affaf519b1c0e64cbda75e51a3ea6c06e005e8f1fce8dd00d02830dbd74
FR-FCM-Z2KP-covid	1	true	true	V	passed	PASS	0	da3fcb906345c5bd5dff879c34c548d25a3df9f8	e446a6f9b906266747febaef10141ae62e0cbbe4b34e94f5c7029c97bfa54a57
FR-FCM-Z2KP-covid	2	false	false	E	interrupted	NOT_RUN	-15	da3fcb906345c5bd5dff879c34c548d25a3df9f8	NA
FR-FCM-Z2KP-covid	2	false	false	V	interrupted	NOT_RUN	-15	da3fcb906345c5bd5dff879c34c548d25a3df9f8	NA
FR-FCM-Z2KP-covid	2	true	false	E	pending				NA
FR-FCM-Z2KP-covid	2	true	false	V	pending				NA
FR-FCM-Z2KP-covid	2	true	true	E	pending				NA
FR-FCM-Z2KP-covid	2	true	true	V	pending				NA
FR-FCM-Z2KP-covid	3	false	false	E	pending				NA
FR-FCM-Z2KP-covid	3	false	false	V	pending				NA
FR-FCM-Z2KP-covid	3	true	false	E	pending				NA
FR-FCM-Z2KP-covid	3	true	false	V	pending				NA
FR-FCM-Z2KP-covid	3	true	true	E	pending				NA
FR-FCM-Z2KP-covid	3	true	true	V	pending				NA
FR-FCM-Z2KP-covid	4	false	false	E	pending				NA
FR-FCM-Z2KP-covid	4	false	false	V	pending				NA
FR-FCM-Z2KP-covid	4	true	false	E	pending				NA
FR-FCM-Z2KP-covid	4	true	false	V	pending				NA
FR-FCM-Z2KP-covid	4	true	true	E	pending				NA
FR-FCM-Z2KP-covid	4	true	true	V	pending				NA
FR-FCM-Z2KP-covid	5	false	false	E	pending				NA
FR-FCM-Z2KP-covid	5	false	false	V	pending				NA
FR-FCM-Z2KP-covid	5	true	false	E	pending				NA
FR-FCM-Z2KP-covid	5	true	false	V	pending				NA
FR-FCM-Z2KP-covid	5	true	true	E	pending				NA
FR-FCM-Z2KP-covid	5	true	true	V	pending				NA
FR-FCM-Z3YR	1	false	false	E	timed_out		124	da3fcb906345c5bd5dff879c34c548d25a3df9f8	NA
FR-FCM-Z3YR	1	false	false	V	passed	PASS	0	68f94fb5f57d2ce27a0d70f8912ff2e48994f925	b4d850fa2096ef96a9de27dd5a935bf6c1141ed683b775ac589886f900c6da61
FR-FCM-Z3YR	1	true	false	E	timed_out		124	da3fcb906345c5bd5dff879c34c548d25a3df9f8	NA
FR-FCM-Z3YR	1	true	false	V	passed	PASS	0	68f94fb5f57d2ce27a0d70f8912ff2e48994f925	a84ed188e2d3df9a37ff0c83a29e5067a7b6b8d8b81f96992ab87ea7e2a76aee
FR-FCM-Z3YR	1	true	true	E	passed	PASS	0	da3fcb906345c5bd5dff879c34c548d25a3df9f8	61436b9d57e0e081ad28882bc2ae37067263bae73a7099fd140601d3d066c298
FR-FCM-Z3YR	1	true	true	V	passed	PASS	0	da3fcb906345c5bd5dff879c34c548d25a3df9f8	5396b04d282c25088a7d7a3d07e2e7909900fd16dd88f7acd2d7126168689671
FR-FCM-Z3YR	2	false	false	E	timed_out		124	da3fcb906345c5bd5dff879c34c548d25a3df9f8	NA
FR-FCM-Z3YR	2	false	false	V	passed	PASS	0	da3fcb906345c5bd5dff879c34c548d25a3df9f8	d544796ef1ba9f4d36e3be7bfce1648e426a74e24877a60edb32972fb03fcb67
FR-FCM-Z3YR	2	true	false	E	pending		-15	da3fcb906345c5bd5dff879c34c548d25a3df9f8	NA
FR-FCM-Z3YR	2	true	false	V	passed	PASS	0	da3fcb906345c5bd5dff879c34c548d25a3df9f8	115622137134a2899b0132ef85695654dc679f61f7fea256a410818f96311d34
FR-FCM-Z3YR	2	true	true	E	pending		-15	da3fcb906345c5bd5dff879c34c548d25a3df9f8	NA
FR-FCM-Z3YR	2	true	true	V	pending		-15	da3fcb906345c5bd5dff879c34c548d25a3df9f8	NA
FR-FCM-Z3YR	3	false	false	E	pending		-15	da3fcb906345c5bd5dff879c34c548d25a3df9f8	NA
FR-FCM-Z3YR	3	false	false	V	pending				NA
FR-FCM-Z3YR	3	true	false	E	pending				NA
FR-FCM-Z3YR	3	true	false	V	pending				NA
FR-FCM-Z3YR	3	true	true	E	pending				NA
FR-FCM-Z3YR	3	true	true	V	pending				NA
FR-FCM-Z3YR	4	false	false	E	pending				NA
FR-FCM-Z3YR	4	false	false	V	pending				NA
FR-FCM-Z3YR	4	true	false	E	pending				NA
FR-FCM-Z3YR	4	true	false	V	pending				NA
FR-FCM-Z3YR	4	true	true	E	pending				NA
FR-FCM-Z3YR	4	true	true	V	pending				NA
FR-FCM-Z3YR	5	false	false	E	pending				NA
FR-FCM-Z3YR	5	false	false	V	pending				NA
FR-FCM-Z3YR	5	true	false	E	pending				NA
FR-FCM-Z3YR	5	true	false	V	pending				NA
FR-FCM-Z3YR	5	true	true	E	pending				NA
FR-FCM-Z3YR	5	true	true	V	pending				NA
FlowCyt	1	false	false	E	passed	PASS	0	da3fcb906345c5bd5dff879c34c548d25a3df9f8	bacecedd4872fa16f22247bcd731e7a98d20ae15b0f65e3a58db069eff701961
FlowCyt	1	false	false	V	pending				NA
FlowCyt	1	true	false	E	pending				NA
FlowCyt	1	true	false	V	pending				NA
FlowCyt	1	true	true	E	pending				NA
FlowCyt	1	true	true	V	pending				NA
FlowCyt	2	false	false	E	pending				NA
FlowCyt	2	false	false	V	pending				NA
FlowCyt	2	true	false	E	pending				NA
FlowCyt	2	true	false	V	pending				NA
FlowCyt	2	true	true	E	pending				NA
FlowCyt	2	true	true	V	pending				NA
FlowCyt	3	false	false	E	pending				NA
FlowCyt	3	false	false	V	pending				NA
FlowCyt	3	true	false	E	pending				NA
FlowCyt	3	true	false	V	pending				NA
FlowCyt	3	true	true	E	pending				NA
FlowCyt	3	true	true	V	pending				NA
FlowCyt	4	false	false	E	pending				NA
FlowCyt	4	false	false	V	pending				NA
FlowCyt	4	true	false	E	pending				NA
FlowCyt	4	true	false	V	pending				NA
FlowCyt	4	true	true	E	pending				NA
FlowCyt	4	true	true	V	pending				NA
FlowCyt	5	false	false	E	pending				NA
FlowCyt	5	false	false	V	pending				NA
FlowCyt	5	true	false	E	pending				NA
FlowCyt	5	true	false	V	pending				NA
FlowCyt	5	true	true	E	pending				NA
FlowCyt	5	true	true	V	pending				NA
